Series,Timestamp,Result
BTC Price,1/1/2017,995.475
BTC Price,1/2/2017,1013.25
BTC Price,1/3/2017,1024.26
BTC Price,1/4/2017,1132.655
BTC Price,1/5/2017,1011
BTC Price,1/6/2017,892.905
BTC Price,1/7/2017,906.22
BTC Price,1/8/2017,921.655
BTC Price,1/9/2017,903.045
BTC Price,1/10/2017,907.215
BTC Price,1/11/2017,796.59
BTC Price,1/12/2017,817.245
BTC Price,1/13/2017,830.8
BTC Price,1/14/2017,826.19
BTC Price,1/15/2017,831.145
BTC Price,1/16/2017,834.2
BTC Price,1/17/2017,905.545
BTC Price,1/18/2017,883.455
BTC Price,1/19/2017,900.85
BTC Price,1/20/2017,894.795
BTC Price,1/21/2017,925.16
BTC Price,1/22/2017,927.605
BTC Price,1/23/2017,916.005
BTC Price,1/24/2017,888.875
BTC Price,1/25/2017,896.115
BTC Price,1/26/2017,917.41
BTC Price,1/27/2017,923.31
BTC Price,1/28/2017,924.715
BTC Price,1/29/2017,917.22
BTC Price,1/30/2017,923.445
BTC Price,1/31/2017,970.245
BTC Price,2/1/2017,989.86
BTC Price,2/2/2017,1008.08
BTC Price,2/3/2017,1016.745
BTC Price,2/4/2017,1035.3
BTC Price,2/5/2017,1015.895
BTC Price,2/6/2017,1024.155
BTC Price,2/7/2017,1053.53
BTC Price,2/8/2017,1058.205
BTC Price,2/9/2017,988.59
BTC Price,2/10/2017,1003.47
BTC Price,2/11/2017,1017.825
BTC Price,2/12/2017,1009.5
BTC Price,2/13/2017,1003.28
BTC Price,2/14/2017,1013.38
BTC Price,2/15/2017,1015.13
BTC Price,2/16/2017,1037.945
BTC Price,2/17/2017,1059.665
BTC Price,2/18/2017,1063.2
BTC Price,2/19/2017,1059.935
BTC Price,2/20/2017,1078.24
BTC Price,2/21/2017,1128.105
BTC Price,2/22/2017,1129.185
BTC Price,2/23/2017,1184.47
BTC Price,2/24/2017,1185.995
BTC Price,2/25/2017,1156.9
BTC Price,2/26/2017,1183.57
BTC Price,2/27/2017,1193.58
BTC Price,2/28/2017,1196.025
BTC Price,3/1/2017,1229.135
BTC Price,3/2/2017,1268.045
BTC Price,3/3/2017,1290.33
BTC Price,3/4/2017,1273.755
BTC Price,3/5/2017,1278.48
BTC Price,3/6/2017,1283.8
BTC Price,3/7/2017,1233.855
BTC Price,3/8/2017,1159.91
BTC Price,3/9/2017,1197.9
BTC Price,3/10/2017,1099.21
BTC Price,3/11/2017,1185.04
BTC Price,3/12/2017,1237.735
BTC Price,3/13/2017,1245.965
BTC Price,3/14/2017,1248.605
BTC Price,3/15/2017,1261
BTC Price,3/16/2017,1175.905
BTC Price,3/17/2017,1076.76
BTC Price,3/18/2017,956.74
BTC Price,3/19/2017,1028.635
BTC Price,3/20/2017,1045.165
BTC Price,3/21/2017,1114.605
BTC Price,3/22/2017,1029.04
BTC Price,3/23/2017,1022.49
BTC Price,3/24/2017,933.6
BTC Price,3/25/2017,961.035
BTC Price,3/26/2017,966.71
BTC Price,3/27/2017,1039.89
BTC Price,3/28/2017,1044.425
BTC Price,3/29/2017,1041.185
BTC Price,3/30/2017,1040.735
BTC Price,3/31/2017,1089.99
BTC Price,4/1/2017,1088.76
BTC Price,4/2/2017,1113.4
BTC Price,4/3/2017,1153.38
BTC Price,4/4/2017,1142.6
BTC Price,4/5/2017,1130.315
BTC Price,4/6/2017,1195.395
BTC Price,4/7/2017,1192.375
BTC Price,4/8/2017,1183.44
BTC Price,4/9/2017,1211.455
BTC Price,4/10/2017,1209
BTC Price,4/11/2017,1225.325
BTC Price,4/12/2017,1213.245
BTC Price,4/13/2017,1176.36
BTC Price,4/14/2017,1173.785
BTC Price,4/15/2017,589.455
BTC Price,4/16/2017,1178.98
BTC Price,4/17/2017,1190.86
BTC Price,4/18/2017,1201.67
BTC Price,4/19/2017,1210.275
BTC Price,4/20/2017,1235.45
BTC Price,4/21/2017,1247.91
BTC Price,4/22/2017,1248.485
BTC Price,4/23/2017,1250.915
BTC Price,4/24/2017,1258.585
BTC Price,4/25/2017,1281.55
BTC Price,4/26/2017,1299.685
BTC Price,4/27/2017,1351.63
BTC Price,4/28/2017,1347.145
BTC Price,4/29/2017,1366.145
BTC Price,4/30/2017,1384.26
BTC Price,5/1/2017,1444.25
BTC Price,5/2/2017,1468.635
BTC Price,5/3/2017,1528.505
BTC Price,5/4/2017,1553.465
BTC Price,5/5/2017,1560.1
BTC Price,5/6/2017,1583.55
BTC Price,5/7/2017,1609.78
BTC Price,5/8/2017,1699.425
BTC Price,5/9/2017,1730.3
BTC Price,5/10/2017,1788.975
BTC Price,5/11/2017,1835.465
BTC Price,5/12/2017,1715.985
BTC Price,5/13/2017,1785.3
BTC Price,5/14/2017,1799.415
BTC Price,5/15/2017,1753.65
BTC Price,5/16/2017,1770.745
BTC Price,5/17/2017,1814.62
BTC Price,5/18/2017,1898.815
BTC Price,5/19/2017,1972.985
BTC Price,5/20/2017,2054.45
BTC Price,5/21/2017,2053.485
BTC Price,5/22/2017,2063.915
BTC Price,5/23/2017,2267.62
BTC Price,5/24/2017,2413.78
BTC Price,5/25/2017,2452.27
BTC Price,5/26/2017,2272.85
BTC Price,5/27/2017,2097.77
BTC Price,5/28/2017,2235.635
BTC Price,5/29/2017,2281.22
BTC Price,5/30/2017,2172.625
BTC Price,5/31/2017,2303.675
BTC Price,6/1/2017,2407.18
BTC Price,6/2/2017,2463.49
BTC Price,6/3/2017,2556.19
BTC Price,6/4/2017,2522.595
BTC Price,6/5/2017,2687.49
BTC Price,6/6/2017,2865.635
BTC Price,6/7/2017,2702.795
BTC Price,6/8/2017,2795.825
BTC Price,6/9/2017,2811.365
BTC Price,6/10/2017,2912.57
BTC Price,6/11/2017,2989.49
BTC Price,6/12/2017,2642.23
BTC Price,6/13/2017,2704.5
BTC Price,6/14/2017,2415.82
BTC Price,6/15/2017,2408.48
BTC Price,6/16/2017,2469.435
BTC Price,6/17/2017,2654.465
BTC Price,6/18/2017,2508.655
BTC Price,6/19/2017,2589.12
BTC Price,6/20/2017,2741.19
BTC Price,6/21/2017,2616.11
BTC Price,6/22/2017,2679.08
BTC Price,6/23/2017,2697.625
BTC Price,6/24/2017,2565.265
BTC Price,6/25/2017,2491.4
BTC Price,6/26/2017,2411.985
BTC Price,6/27/2017,2547.875
BTC Price,6/28/2017,2556.565
BTC Price,6/29/2017,2537.945
BTC Price,6/30/2017,2454.095
BTC Price,7/1/2017,2424.315
BTC Price,7/2/2017,2516.835
BTC Price,7/3/2017,2547.205
BTC Price,7/4/2017,2598.985
BTC Price,7/5/2017,2614.3
BTC Price,7/6/2017,2604.65
BTC Price,7/7/2017,2487.14
BTC Price,7/8/2017,2561.425
BTC Price,7/9/2017,2515.99
BTC Price,7/10/2017,2331.23
BTC Price,7/11/2017,2325.73
BTC Price,7/12/2017,2380.155
BTC Price,7/13/2017,2342.67
BTC Price,7/14/2017,2210.11
BTC Price,7/15/2017,1995.48
BTC Price,7/16/2017,1916.845
BTC Price,7/17/2017,2217.595
BTC Price,7/18/2017,2295.06
BTC Price,7/19/2017,2260.195
BTC Price,7/20/2017,2859.74
BTC Price,7/21/2017,2675.19
BTC Price,7/22/2017,2824.855
BTC Price,7/23/2017,2740.25
BTC Price,7/24/2017,2761.135
BTC Price,7/25/2017,2552.775
BTC Price,7/26/2017,2512.99
BTC Price,7/27/2017,2673
BTC Price,7/28/2017,2784.74
BTC Price,7/29/2017,2699.91
BTC Price,7/30/2017,2723.095
BTC Price,7/31/2017,2857.07
BTC Price,8/1/2017,2719.915
BTC Price,8/2/2017,2696.175
BTC Price,8/3/2017,2790.015
BTC Price,8/4/2017,2859.81
BTC Price,8/5/2017,3229.075
BTC Price,8/6/2017,3236.76
BTC Price,8/7/2017,3396.945
BTC Price,8/8/2017,3438.715
BTC Price,8/9/2017,3321.41
BTC Price,8/10/2017,3443.035
BTC Price,8/11/2017,3670.075
BTC Price,8/12/2017,3859.91
BTC Price,8/13/2017,4080.395
BTC Price,8/14/2017,4288.795
BTC Price,8/15/2017,4172.565
BTC Price,8/16/2017,4347.505
BTC Price,8/17/2017,4300.01
BTC Price,8/18/2017,4105.86
BTC Price,8/19/2017,4157.045
BTC Price,8/20/2017,4097.885
BTC Price,8/21/2017,4006.505
BTC Price,8/22/2017,4071.015
BTC Price,8/23/2017,4143.255
BTC Price,8/24/2017,4321.015
BTC Price,8/25/2017,4367.735
BTC Price,8/26/2017,4343.25
BTC Price,8/27/2017,4348.33
BTC Price,8/28/2017,4379.245
BTC Price,8/29/2017,4598.75
BTC Price,8/30/2017,4581.415
BTC Price,8/31/2017,4743.82
BTC Price,9/1/2017,4920.6
BTC Price,9/2/2017,4600.505
BTC Price,9/3/2017,4614.92
BTC Price,9/4/2017,4503.61
BTC Price,9/5/2017,4460.635
BTC Price,9/6/2017,4616.04
BTC Price,9/7/2017,4625.06
BTC Price,9/8/2017,4348.245
BTC Price,9/9/2017,4334.68
BTC Price,9/10/2017,4268.185
BTC Price,9/11/2017,4214.61
BTC Price,9/12/2017,4173.715
BTC Price,9/13/2017,3889.495
BTC Price,9/14/2017,3281.16
BTC Price,9/15/2017,3761.45
BTC Price,9/16/2017,3732.145
BTC Price,9/17/2017,3739.475
BTC Price,9/18/2017,4085.605
BTC Price,9/19/2017,3916.59
BTC Price,9/20/2017,3910.54
BTC Price,9/21/2017,3622.735
BTC Price,9/22/2017,3618.445
BTC Price,9/23/2017,3771.66
BTC Price,9/24/2017,3681.195
BTC Price,9/25/2017,3921.895
BTC Price,9/26/2017,3886.55
BTC Price,9/27/2017,4199.51
BTC Price,9/28/2017,4184.72
BTC Price,9/29/2017,4158.51
BTC Price,9/30/2017,4337.515
BTC Price,10/1/2017,4386.405
BTC Price,10/2/2017,4380.39
BTC Price,10/3/2017,4301.49
BTC Price,10/4/2017,4220.555
BTC Price,10/5/2017,4339.41
BTC Price,10/6/2017,4355.405
BTC Price,10/7/2017,4433.26
BTC Price,10/8/2017,4605.435
BTC Price,10/9/2017,4754.775
BTC Price,10/10/2017,4762.445
BTC Price,10/11/2017,4814.775
BTC Price,10/12/2017,5377.505
BTC Price,10/13/2017,5617.4
BTC Price,10/14/2017,5779.555
BTC Price,10/15/2017,5701.345
BTC Price,10/16/2017,5735.895
BTC Price,10/17/2017,5582.67
BTC Price,10/18/2017,5581.195
BTC Price,10/19/2017,5707.86
BTC Price,10/20/2017,5989.1
BTC Price,10/21/2017,6057.895
BTC Price,10/22/2017,5970.985
BTC Price,10/23/2017,5887.14
BTC Price,10/24/2017,5516.72
BTC Price,10/25/2017,5715.49
BTC Price,10/26/2017,5889.17
BTC Price,10/27/2017,5780.9
BTC Price,10/28/2017,5761.01
BTC Price,10/29/2017,6153.62
BTC Price,10/30/2017,6115.225
BTC Price,10/31/2017,6417.01
BTC Price,11/1/2017,6730.445
BTC Price,11/2/2017,7035
BTC Price,11/3/2017,7172.51
BTC Price,11/4/2017,7420.56
BTC Price,11/5/2017,7379.005
BTC Price,11/6/2017,6989.185
BTC Price,11/7/2017,7103.315
BTC Price,11/8/2017,7434.475
BTC Price,11/9/2017,7143
BTC Price,11/10/2017,6641.515
BTC Price,11/11/2017,6334.35
BTC Price,11/12/2017,5797.175
BTC Price,11/13/2017,6505.44
BTC Price,11/14/2017,6589.02
BTC Price,11/15/2017,7286.525
BTC Price,11/16/2017,7814.25
BTC Price,11/17/2017,7741.37
BTC Price,11/18/2017,7798.855
BTC Price,11/19/2017,8030.2
BTC Price,11/20/2017,8268.515
BTC Price,11/21/2017,8054.75
BTC Price,11/22/2017,8257.525
BTC Price,11/23/2017,8093.085
BTC Price,11/24/2017,8245.005
BTC Price,11/25/2017,8767.75
BTC Price,11/26/2017,9415.38
BTC Price,11/27/2017,9730.435
BTC Price,11/28/2017,9950.875
BTC Price,11/29/2017,9989.895
BTC Price,11/30/2017,9853
BTC Price,12/1/2017,10852.985
BTC Price,12/2/2017,10958.13
BTC Price,12/3/2017,11255
BTC Price,12/4/2017,11577.74
BTC Price,12/5/2017,11749.18
BTC Price,12/6/2017,14212.49
BTC Price,12/7/2017,17291.5
BTC Price,12/8/2017,16348.51
BTC Price,12/9/2017,15273.545
BTC Price,12/10/2017,15090.13
BTC Price,12/11/2017,16978.28
BTC Price,12/12/2017,17764.055
BTC Price,12/13/2017,16724.25
BTC Price,12/14/2017,16749.39
BTC Price,12/15/2017,17735.69
BTC Price,12/16/2017,19623.505
BTC Price,12/17/2017,19534.495
BTC Price,12/18/2017,18944.49
BTC Price,12/19/2017,17644.415
BTC Price,12/20/2017,16446.52
BTC Price,12/21/2017,15759.66
BTC Price,12/22/2017,14831.77
BTC Price,12/23/2017,15237.945
BTC Price,12/24/2017,14153.48
BTC Price,12/25/2017,14136.51
BTC Price,12/26/2017,15785.445
BTC Price,12/27/2017,15321.035
BTC Price,12/28/2017,14274.31
BTC Price,12/29/2017,14619.53
BTC Price,12/30/2017,13004.105
BTC Price,12/31/2017,13905.065
BTC Price,1/1/2018,13509.055
BTC Price,1/2/2018,14825.765
BTC Price,1/3/2018,14981.575
BTC Price,1/4/2018,15079.995
BTC Price,1/5/2018,16967.505
BTC Price,1/6/2018,17064.49
BTC Price,1/7/2018,16291.465
BTC Price,1/8/2018,14864.375
BTC Price,1/9/2018,14462.995
BTC Price,1/10/2018,14682.585
BTC Price,1/11/2018,13214.095
BTC Price,1/12/2018,13737.73
BTC Price,1/13/2018,14251.97
BTC Price,1/14/2018,13628.1
BTC Price,1/15/2018,13702
BTC Price,1/16/2018,11410.005
BTC Price,1/17/2018,11200.005
BTC Price,1/18/2018,11319.21
BTC Price,1/19/2018,11383.995
BTC Price,1/20/2018,12793.895
BTC Price,1/21/2018,11374.07
BTC Price,1/22/2018,10710.5
BTC Price,1/23/2018,10935.975
BTC Price,1/24/2018,11228.395
BTC Price,1/25/2018,11139.01
BTC Price,1/26/2018,10940.95
BTC Price,1/27/2018,11340.12
BTC Price,1/28/2018,11515.5
BTC Price,1/29/2018,11082.26
BTC Price,1/30/2018,10053.3
BTC Price,1/31/2018,10063.13
BTC Price,2/1/2018,8977.105
BTC Price,2/2/2018,8763.76
BTC Price,2/3/2018,9174.74
BTC Price,2/4/2018,8293.955
BTC Price,2/5/2018,6853.1
BTC Price,2/6/2018,7664.23
BTC Price,2/7/2018,7712.88
BTC Price,2/8/2018,8198.55
BTC Price,2/9/2018,8619.505
BTC Price,2/10/2018,8553.745
BTC Price,2/11/2018,8186.505
BTC Price,2/12/2018,8876.14
BTC Price,2/13/2018,8534.48
BTC Price,2/14/2018,9451.495
BTC Price,2/15/2018,10063.065
BTC Price,2/16/2018,10179.25
BTC Price,2/17/2018,11043.24
BTC Price,2/18/2018,10487.24
BTC Price,2/19/2018,11114.465
BTC Price,2/20/2018,11305.815
BTC Price,2/21/2018,10454.635
BTC Price,2/22/2018,9894.36
BTC Price,2/23/2018,10141.775
BTC Price,2/24/2018,9653.525
BTC Price,2/25/2018,9629.495
BTC Price,2/26/2018,10325.505
BTC Price,2/27/2018,10637.705
BTC Price,2/28/2018,10368.635
BTC Price,3/1/2018,10925.455
BTC Price,3/2/2018,11040.255
BTC Price,3/3/2018,11403.75
BTC Price,3/4/2018,11422.36
BTC Price,3/5/2018,11464.505
BTC Price,3/6/2018,10736.51
BTC Price,3/7/2018,9930.005
BTC Price,3/8/2018,9287.45
BTC Price,3/9/2018,9242.5
BTC Price,3/10/2018,8827.36
BTC Price,3/11/2018,9523.87
BTC Price,3/12/2018,9084.205
BTC Price,3/13/2018,9151.96
BTC Price,3/14/2018,8195.475
BTC Price,3/15/2018,8291.99
BTC Price,3/16/2018,8384.525
BTC Price,3/17/2018,7939.8
BTC Price,3/18/2018,8166
BTC Price,3/19/2018,8543.4
BTC Price,3/20/2018,8922.5
BTC Price,3/21/2018,8863.855
BTC Price,3/22/2018,8698.285
BTC Price,3/23/2018,8790.32
BTC Price,3/24/2018,8585.59
BTC Price,3/25/2018,8445.845
BTC Price,3/26/2018,8162.5
BTC Price,3/27/2018,7881.795
BTC Price,3/28/2018,7942.86
BTC Price,3/29/2018,7123.54
BTC Price,3/30/2018,6818.005
BTC Price,3/31/2018,6940.5
BTC Price,4/1/2018,6816.025
BTC Price,4/2/2018,7038.685
BTC Price,4/3/2018,7408.685
BTC Price,4/4/2018,6773.84
BTC Price,4/5/2018,6802.92
BTC Price,4/6/2018,6585.005
BTC Price,4/7/2018,6912.02
BTC Price,4/8/2018,7020.475
BTC Price,4/9/2018,6732.06
BTC Price,4/10/2018,6807.995
BTC Price,4/11/2018,6928.995
BTC Price,4/12/2018,7883
BTC Price,4/13/2018,7896.595
BTC Price,4/14/2018,8029.56
BTC Price,4/15/2018,8350.13
BTC Price,4/16/2018,8030.12
BTC Price,4/17/2018,7895.545
BTC Price,4/18/2018,8151.795
BTC Price,4/19/2018,8266.995
BTC Price,4/20/2018,8855.195
BTC Price,4/21/2018,8861.72
BTC Price,4/22/2018,8825
BTC Price,4/23/2018,8930.3
BTC Price,4/24/2018,9607.555
BTC Price,4/25/2018,8911.495
BTC Price,4/26/2018,9241.05
BTC Price,4/27/2018,8976.275
BTC Price,4/28/2018,9328.305
BTC Price,4/29/2018,9389.5
BTC Price,4/30/2018,9211.91
BTC Price,5/1/2018,9057.37
BTC Price,5/2/2018,9216.24
BTC Price,5/3/2018,9700.365
BTC Price,5/4/2018,9706.26
BTC Price,5/5/2018,9794.01
BTC Price,5/6/2018,9588.215
BTC Price,5/7/2018,9331.5
BTC Price,5/8/2018,9185.41
BTC Price,5/9/2018,9305.045
BTC Price,5/10/2018,9053.465
BTC Price,5/11/2018,8414.41
BTC Price,5/12/2018,8465.675
BTC Price,5/13/2018,8716.94
BTC Price,5/14/2018,8640.5
BTC Price,5/15/2018,8469.725
BTC Price,5/16/2018,8318.11
BTC Price,5/17/2018,8067.005
BTC Price,5/18/2018,8229.25
BTC Price,5/19/2018,8228.575
BTC Price,5/20/2018,8499.425
BTC Price,5/21/2018,8395.215
BTC Price,5/22/2018,7979.035
BTC Price,5/23/2018,7530.365
BTC Price,5/24/2018,7582.07
BTC Price,5/25/2018,7429.535
BTC Price,5/26/2018,7327.46
BTC Price,5/27/2018,7343.32
BTC Price,5/28/2018,7122.15
BTC Price,5/29/2018,7441.6
BTC Price,5/30/2018,7361.16
BTC Price,5/31/2018,7467.5
BTC Price,6/1/2018,7509.26
BTC Price,6/2/2018,7633.21
BTC Price,6/3/2018,7705.48
BTC Price,6/4/2018,7493.195
BTC Price,6/5/2018,7618.25
BTC Price,6/6/2018,7655.915
BTC Price,6/7/2018,7670.755
BTC Price,6/8/2018,7627.955
BTC Price,6/9/2018,7547.2
BTC Price,6/10/2018,6729.155
BTC Price,6/11/2018,6835.495
BTC Price,6/12/2018,6540
BTC Price,6/13/2018,6315.785
BTC Price,6/14/2018,6630.145
BTC Price,6/15/2018,6397.535
BTC Price,6/16/2018,6508.4
BTC Price,6/17/2018,6467.07
BTC Price,6/18/2018,6706.61
BTC Price,6/19/2018,6730.68
BTC Price,6/20/2018,6748.425
BTC Price,6/21/2018,6719.89
BTC Price,6/22/2018,6070.705
BTC Price,6/23/2018,6189.24
BTC Price,6/24/2018,6148.28
BTC Price,6/25/2018,6239.82
BTC Price,6/26/2018,6115.285
BTC Price,6/27/2018,6134.84
BTC Price,6/28/2018,5895.835
BTC Price,6/29/2018,6223.805
BTC Price,6/30/2018,6359.595
BTC Price,7/1/2018,6354.77
BTC Price,7/2/2018,6619.005
BTC Price,7/3/2018,6492.55
BTC Price,7/4/2018,6590.21
BTC Price,7/5/2018,6535.65
BTC Price,7/6/2018,6586.54
BTC Price,7/7/2018,6661.64
BTC Price,7/8/2018,6721.005
BTC Price,7/9/2018,6681.62
BTC Price,7/10/2018,6336.45
BTC Price,7/11/2018,6379.015
BTC Price,7/12/2018,6202.38
BTC Price,7/13/2018,6218.26
BTC Price,7/14/2018,6249.87
BTC Price,7/15/2018,6356.71
BTC Price,7/16/2018,6698.535
BTC Price,7/17/2018,7317.59
BTC Price,7/18/2018,7370.495
BTC Price,7/19/2018,7474.515
BTC Price,7/20/2018,7342.515
BTC Price,7/21/2018,7416.505
BTC Price,7/22/2018,7401.385
BTC Price,7/23/2018,7720.545
BTC Price,7/24/2018,8350.245
BTC Price,7/25/2018,8204.63
BTC Price,7/26/2018,7927.295
BTC Price,7/27/2018,8217.105
BTC Price,7/28/2018,8207.52
BTC Price,7/29/2018,8203.17
BTC Price,7/30/2018,8166.51
BTC Price,7/31/2018,7711.64
BTC Price,8/1/2018,7595.5
BTC Price,8/2/2018,7541.46
BTC Price,8/3/2018,7422.04
BTC Price,8/4/2018,7008.005
BTC Price,8/5/2018,7029.595
BTC Price,8/6/2018,6907.5
BTC Price,8/7/2018,6734.11
BTC Price,8/8/2018,6272.98
BTC Price,8/9/2018,6578.245
BTC Price,8/10/2018,6124.06
BTC Price,8/11/2018,6320.285
BTC Price,8/12/2018,6327.875
BTC Price,8/13/2018,6258.825
BTC Price,8/14/2018,6166.08
BTC Price,8/15/2018,6307.72
BTC Price,8/16/2018,6295.855
BTC Price,8/17/2018,6577.35
BTC Price,8/18/2018,6401.015
BTC Price,8/19/2018,6506.76
BTC Price,8/20/2018,6280.35
BTC Price,8/21/2018,6472.94
BTC Price,8/22/2018,6358.415
BTC Price,8/23/2018,6516.875
BTC Price,8/24/2018,6686.105
BTC Price,8/25/2018,6733.415
BTC Price,8/26/2018,6694.9
BTC Price,8/27/2018,6830.12
BTC Price,8/28/2018,7075.005
BTC Price,8/29/2018,7042.645
BTC Price,8/30/2018,6958.995
BTC Price,8/31/2018,7016.51
BTC Price,9/1/2018,7191.28
BTC Price,9/2/2018,7286.665
BTC Price,9/3/2018,7260.105
BTC Price,9/4/2018,7357.615
BTC Price,9/5/2018,6793.18
BTC Price,9/6/2018,6474.995
BTC Price,9/7/2018,6397.22
BTC Price,9/8/2018,6181.55
BTC Price,9/9/2018,6243.335
BTC Price,9/10/2018,6293.645
BTC Price,9/11/2018,6284.965
BTC Price,9/12/2018,6330.825
BTC Price,9/13/2018,6482.605
BTC Price,9/14/2018,6497.035
BTC Price,9/15/2018,6519.34
BTC Price,9/16/2018,6496.345
BTC Price,9/17/2018,6249.195
BTC Price,9/18/2018,6342.055
BTC Price,9/19/2018,6385.965
BTC Price,9/20/2018,6510.205
BTC Price,9/21/2018,6739.495
BTC Price,9/22/2018,6704.725
BTC Price,9/23/2018,6700.21
BTC Price,9/24/2018,6588.6
BTC Price,9/25/2018,6414.43
BTC Price,9/26/2018,6458.33
BTC Price,9/27/2018,6675.755
BTC Price,9/28/2018,6620.495
BTC Price,9/29/2018,6581.305
BTC Price,9/30/2018,6608.525
BTC Price,10/1/2018,6567.665
BTC Price,10/2/2018,6514.725
BTC Price,10/3/2018,6450.44
BTC Price,10/4/2018,6549.025
BTC Price,10/5/2018,6589.47
BTC Price,10/6/2018,6548.71
BTC Price,10/7/2018,6553.045
BTC Price,10/8/2018,6603.28
BTC Price,10/9/2018,6591.735
BTC Price,10/10/2018,6521.7
BTC Price,10/11/2018,6172.905
BTC Price,10/12/2018,6190.47
BTC Price,10/13/2018,6198.845
BTC Price,10/14/2018,6192.215
BTC Price,10/15/2018,6435.465
BTC Price,10/16/2018,6454.675
BTC Price,10/17/2018,6443.43
BTC Price,10/18/2018,6386.985
BTC Price,10/19/2018,6384.715
BTC Price,10/20/2018,6410.015
BTC Price,10/21/2018,6417.32
BTC Price,10/22/2018,6406.08
BTC Price,10/23/2018,6394.435
BTC Price,10/24/2018,6417.18
BTC Price,10/25/2018,6402.795
BTC Price,10/26/2018,6406.19
BTC Price,10/27/2018,6412.04
BTC Price,10/28/2018,6399.875
BTC Price,10/29/2018,6266.635
BTC Price,10/30/2018,6270.28
BTC Price,10/31/2018,6308.415
BTC Price,11/1/2018,6341.875
BTC Price,11/2/2018,6347.815
BTC Price,11/3/2018,6333.445
BTC Price,11/4/2018,6417.145
BTC Price,11/5/2018,6401.99
BTC Price,11/6/2018,6442.75
BTC Price,11/7/2018,6501.465
BTC Price,11/8/2018,6408.135
BTC Price,11/9/2018,6329.45
BTC Price,11/10/2018,6355.34
BTC Price,11/11/2018,6335.08
BTC Price,11/12/2018,6323.81
BTC Price,11/13/2018,6265.6
BTC Price,11/14/2018,5556.825
BTC Price,11/15/2018,5536.685
BTC Price,11/16/2018,5471.62
BTC Price,11/17/2018,5500.51
BTC Price,11/18/2018,5552.02
BTC Price,11/19/2018,4763.22
BTC Price,11/20/2018,4298.065
BTC Price,11/21/2018,4507.82
BTC Price,11/22/2018,4338.28
BTC Price,11/23/2018,4303.965
BTC Price,11/24/2018,3747.51
BTC Price,11/25/2018,3937.84
BTC Price,11/26/2018,3689.475
BTC Price,11/27/2018,3784.86
BTC Price,11/28/2018,4208.275
BTC Price,11/29/2018,4238.54
BTC Price,11/30/2018,3961.16
BTC Price,12/1/2018,4161.225
BTC Price,12/2/2018,4109.09
BTC Price,12/3/2018,3838.435
BTC Price,12/4/2018,3899.63
BTC Price,12/5/2018,3704.235
BTC Price,12/6/2018,3507.105
BTC Price,12/7/2018,3385.67
BTC Price,12/8/2018,3421.1
BTC Price,12/9/2018,3522.45
BTC Price,12/10/2018,3415.08
BTC Price,12/11/2018,3357.12
BTC Price,12/12/2018,3422.065
BTC Price,12/13/2018,3266.505
BTC Price,12/14/2018,3208.715
BTC Price,12/15/2018,3190.005
BTC Price,12/16/2018,3195
BTC Price,12/17/2018,3485.91
BTC Price,12/18/2018,3612.89
BTC Price,12/19/2018,3696.76
BTC Price,12/20/2018,4072.35
BTC Price,12/21/2018,3832.285
BTC Price,12/22/2018,3922.735
BTC Price,12/23/2018,3946.72
BTC Price,12/24/2018,4045.885
BTC Price,12/25/2018,3773.75
BTC Price,12/26/2018,3812.195
BTC Price,12/27/2018,3589.84
BTC Price,12/28/2018,3880.64
BTC Price,12/29/2018,3812.655
BTC Price,12/30/2018,3824.5
BTC Price,12/31/2018,3684.27
BTC Price,1/1/2019,3773.04
BTC Price,1/2/2019,3892.5
BTC Price,1/3/2019,3792.015
BTC Price,1/4/2019,3823.69
BTC Price,1/5/2019,3803.81
BTC Price,1/6/2019,4033.915
BTC Price,1/7/2019,4001.36
BTC Price,1/8/2019,3997.455
BTC Price,1/9/2019,4005.455
BTC Price,1/10/2019,3626.92
BTC Price,1/11/2019,3627.915
BTC Price,1/12/2019,3623.145
BTC Price,1/13/2019,3510.085
BTC Price,1/14/2019,3662.59
BTC Price,1/15/2019,3577.455
BTC Price,1/16/2019,3604.3
BTC Price,1/17/2019,3635.325
BTC Price,1/18/2019,3608.685
BTC Price,1/19/2019,3689.925
BTC Price,1/20/2019,3541.6
BTC Price,1/21/2019,3531.38
BTC Price,1/22/2019,3578.51
BTC Price,1/23/2019,3552.72
BTC Price,1/24/2019,3567.805
BTC Price,1/25/2019,3562.745
BTC Price,1/26/2019,3561.03
BTC Price,1/27/2019,3536.93
BTC Price,1/28/2019,3428.5
BTC Price,1/29/2019,3397.175
BTC Price,1/30/2019,3438.78
BTC Price,1/31/2019,3416.61
BTC Price,2/1/2019,3440.865
BTC Price,2/2/2019,3451.885
BTC Price,2/3/2019,3411.18
BTC Price,2/4/2019,3409.09
BTC Price,2/5/2019,3425.81
BTC Price,2/6/2019,3368.775
BTC Price,2/7/2019,3361.345
BTC Price,2/8/2019,3607.895
BTC Price,2/9/2019,3622.185
BTC Price,2/10/2019,3636.065
BTC Price,2/11/2019,3592.79
BTC Price,2/12/2019,3584.115
BTC Price,2/13/2019,3573.38
BTC Price,2/14/2019,3563.535
BTC Price,2/15/2019,3566.335
BTC Price,2/16/2019,3588.275
BTC Price,2/17/2019,3612.545
BTC Price,2/18/2019,3861.495
BTC Price,2/19/2019,3898.68
BTC Price,2/20/2019,3932.255
BTC Price,2/21/2019,3891.86
BTC Price,2/22/2019,3944.01
BTC Price,2/23/2019,4112.495
BTC Price,2/24/2019,3748.115
BTC Price,2/25/2019,3820.11
BTC Price,2/26/2019,3797.805
BTC Price,2/27/2019,3787.455
BTC Price,2/28/2019,3793.49
BTC Price,3/1/2019,3810.09
BTC Price,3/2/2019,3810.79
BTC Price,3/3/2019,3785.965
BTC Price,3/4/2019,3695.03
BTC Price,3/5/2019,3839.795
BTC Price,3/6/2019,3851.9
BTC Price,3/7/2019,3860.99
BTC Price,3/8/2019,3835.815
BTC Price,3/9/2019,3907.73
BTC Price,3/10/2019,3901.84
BTC Price,3/11/2019,3851.89
BTC Price,3/12/2019,3863.52
BTC Price,3/13/2019,3850.505
BTC Price,3/14/2019,3853.69
BTC Price,3/15/2019,3898.595
BTC Price,3/16/2019,3989.2
BTC Price,3/17/2019,3967.785
BTC Price,3/18/2019,3972.365
BTC Price,3/19/2019,3996.78
BTC Price,3/20/2019,4031.09
BTC Price,3/21/2019,3973.885
BTC Price,3/22/2019,3984.385
BTC Price,3/23/2019,3979.655
BTC Price,3/24/2019,3967.74
BTC Price,3/25/2019,3906.19
BTC Price,3/26/2019,3917.725
BTC Price,3/27/2019,4019.83
BTC Price,3/28/2019,4010.89
BTC Price,3/29/2019,4086.025
BTC Price,3/30/2019,4089.555
BTC Price,3/31/2019,4094.765
BTC Price,4/1/2019,4137.18
BTC Price,4/2/2019,4864.655
BTC Price,4/3/2019,5039.385
BTC Price,4/4/2019,4894.06
BTC Price,4/5/2019,5037.83
BTC Price,4/6/2019,5040.085
BTC Price,4/7/2019,5187.825
BTC Price,4/8/2019,5277.77
BTC Price,4/9/2019,5190.805
BTC Price,4/10/2019,5306.005
BTC Price,4/11/2019,5043.83
BTC Price,4/12/2019,5079.845
BTC Price,4/13/2019,5066.71
BTC Price,4/14/2019,5162.575
BTC Price,4/15/2019,5035.585
BTC Price,4/16/2019,5200.055
BTC Price,4/17/2019,5223.79
BTC Price,4/18/2019,5283.075
BTC Price,4/19/2019,5286.175
BTC Price,4/20/2019,5306.745
BTC Price,4/21/2019,5295.635
BTC Price,4/22/2019,5393.9
BTC Price,4/23/2019,5546.535
BTC Price,4/24/2019,5442.88
BTC Price,4/25/2019,5132.98
BTC Price,4/26/2019,5153.945
BTC Price,4/27/2019,5185.3
BTC Price,4/28/2019,5154.73
BTC Price,4/29/2019,5134.495
BTC Price,4/30/2019,5277.715
BTC Price,5/1/2019,5310.575
BTC Price,5/2/2019,5394.225
BTC Price,5/3/2019,5668.705
BTC Price,5/4/2019,5795.005
BTC Price,5/5/2019,5711.425
BTC Price,5/6/2019,5696.48
BTC Price,5/7/2019,5820.025
BTC Price,5/8/2019,5943.775
BTC Price,5/9/2019,6160.185
BTC Price,5/10/2019,6366.91
BTC Price,5/11/2019,7229.98
BTC Price,5/12/2019,6982.275
BTC Price,5/13/2019,7880.675
BTC Price,5/14/2019,7957.96
BTC Price,5/15/2019,8198.69
BTC Price,5/16/2019,7851.4
BTC Price,5/17/2019,7300.08
BTC Price,5/18/2019,7278.7
BTC Price,5/19/2019,8208.375
BTC Price,5/20/2019,7956.295
BTC Price,5/21/2019,7963.735
BTC Price,5/22/2019,7670.95
BTC Price,5/23/2019,7895.025
BTC Price,5/24/2019,8019.82
BTC Price,5/25/2019,8073.405
BTC Price,5/26/2019,8705.36
BTC Price,5/27/2019,8793.615
BTC Price,5/28/2019,8709.89
BTC Price,5/29/2019,8667.06
BTC Price,5/30/2019,8274.845
BTC Price,5/31/2019,8533.035
BTC Price,6/1/2019,8571.53
BTC Price,6/2/2019,8740.715
BTC Price,6/3/2019,8291.535
BTC Price,6/4/2019,7658.535
BTC Price,6/5/2019,7788.93
BTC Price,6/6/2019,7769.19
BTC Price,6/7/2019,8013.485
BTC Price,6/8/2019,7938.995
BTC Price,6/9/2019,7614.195
BTC Price,6/10/2019,7983.795
BTC Price,6/11/2019,7913.48
BTC Price,6/12/2019,8168.01
BTC Price,6/13/2019,8247.15
BTC Price,6/14/2019,8681.93
BTC Price,6/15/2019,8847.87
BTC Price,6/16/2019,9020.285
BTC Price,6/17/2019,9344.035
BTC Price,6/18/2019,9042.675
BTC Price,6/19/2019,9267.32
BTC Price,6/20/2019,9542.67
BTC Price,6/21/2019,10074.995
BTC Price,6/22/2019,10576.605
BTC Price,6/23/2019,10845.395
BTC Price,6/24/2019,11017.95
BTC Price,6/25/2019,11713.38
BTC Price,6/26/2019,12681.4
BTC Price,6/27/2019,11125.45
BTC Price,6/28/2019,12330.24
BTC Price,6/29/2019,11952.665
BTC Price,6/30/2019,10835.63
BTC Price,7/1/2019,10514.61
BTC Price,7/2/2019,10813.585
BTC Price,7/3/2019,11947.585
BTC Price,7/4/2019,11377.715
BTC Price,7/5/2019,10976.585
BTC Price,7/6/2019,11232.535
BTC Price,7/7/2019,11449.45
BTC Price,7/8/2019,12313.955
BTC Price,7/9/2019,12573.975
BTC Price,7/10/2019,12089.935
BTC Price,7/11/2019,11338.8
BTC Price,7/12/2019,11808.505
BTC Price,7/13/2019,11322.54
BTC Price,7/14/2019,10335.985
BTC Price,7/15/2019,10889.97
BTC Price,7/16/2019,9451.315
BTC Price,7/17/2019,9712.955
BTC Price,7/18/2019,10630.1
BTC Price,7/19/2019,10511.525
BTC Price,7/20/2019,10887.94
BTC Price,7/21/2019,10570.35
BTC Price,7/22/2019,10301.455
BTC Price,7/23/2019,9934.54
BTC Price,7/24/2019,9772.72
BTC Price,7/25/2019,9898.97
BTC Price,7/26/2019,9816.845
BTC Price,7/27/2019,9462.325
BTC Price,7/28/2019,9527.105
BTC Price,7/29/2019,9499.44
BTC Price,7/30/2019,9583.17
BTC Price,7/31/2019,10048.51
BTC Price,8/1/2019,10401.045
BTC Price,8/2/2019,10526.505
BTC Price,8/3/2019,10822.88
BTC Price,8/4/2019,10982.87
BTC Price,8/5/2019,11809.255
BTC Price,8/6/2019,11384.63
BTC Price,8/7/2019,11972.05
BTC Price,8/8/2019,11897.285
BTC Price,8/9/2019,11840.435
BTC Price,8/10/2019,11282.97
BTC Price,8/11/2019,11522.38
BTC Price,8/12/2019,11393.985
BTC Price,8/13/2019,10852.47
BTC Price,8/14/2019,10119.67
BTC Price,8/15/2019,10343.755
BTC Price,8/16/2019,10379.525
BTC Price,8/17/2019,10224.925
BTC Price,8/18/2019,10331.615
BTC Price,8/19/2019,10845.34
BTC Price,8/20/2019,10802.025
BTC Price,8/21/2019,10095.545
BTC Price,8/22/2019,10132.995
BTC Price,8/23/2019,10399.26
BTC Price,8/24/2019,10163.98
BTC Price,8/25/2019,10099.24
BTC Price,8/26/2019,10334.89
BTC Price,8/27/2019,10151.76
BTC Price,8/28/2019,9723.62
BTC Price,8/29/2019,9488.595
BTC Price,8/30/2019,9591.515
BTC Price,8/31/2019,9615.015
BTC Price,9/1/2019,9783.02
BTC Price,9/2/2019,10388.62
BTC Price,9/3/2019,10669.24
BTC Price,9/4/2019,10572.96
BTC Price,9/5/2019,10577.365
BTC Price,9/6/2019,10323.405
BTC Price,9/7/2019,10495.545
BTC Price,9/8/2019,10398.485
BTC Price,9/9/2019,10320.995
BTC Price,9/10/2019,10087.08
BTC Price,9/11/2019,10152.08
BTC Price,9/12/2019,10412.015
BTC Price,9/13/2019,10331.19
BTC Price,9/14/2019,10360.765
BTC Price,9/15/2019,10302.365
BTC Price,9/16/2019,10281.265
BTC Price,9/17/2019,10207.215
BTC Price,9/18/2019,10160.44
BTC Price,9/19/2019,10257.5
BTC Price,9/20/2019,10150.35
BTC Price,9/21/2019,9977.995
BTC Price,9/22/2019,10033.56
BTC Price,9/23/2019,9704.255
BTC Price,9/24/2019,8613.09
BTC Price,9/25/2019,8438.17
BTC Price,9/26/2019,8087.415
BTC Price,9/27/2019,8193.965
BTC Price,9/28/2019,8186.75
BTC Price,9/29/2019,8068.13
BTC Price,9/30/2019,8273.205
BTC Price,10/1/2019,8339.065
BTC Price,10/2/2019,8330.855
BTC Price,10/3/2019,8223.255
BTC Price,10/4/2019,8170.835
BTC Price,10/5/2019,8146.29
BTC Price,10/6/2019,7855.045
BTC Price,10/7/2019,8227
BTC Price,10/8/2019,8188.93
BTC Price,10/9/2019,8585.24
BTC Price,10/10/2019,8587.76
BTC Price,10/11/2019,8294.27
BTC Price,10/12/2019,8320.795
BTC Price,10/13/2019,8285.715
BTC Price,10/14/2019,8351.015
BTC Price,10/15/2019,8147.755
BTC Price,10/16/2019,7998.39
BTC Price,10/17/2019,8066.76
BTC Price,10/18/2019,7961.635
BTC Price,10/19/2019,7954.945
BTC Price,10/20/2019,8223.965
BTC Price,10/21/2019,8204.255
BTC Price,10/22/2019,8050.835
BTC Price,10/23/2019,7449.92
BTC Price,10/24/2019,7446.63
BTC Price,10/25/2019,8637.57
BTC Price,10/26/2019,9220.055
BTC Price,10/27/2019,9564.28
BTC Price,10/28/2019,9345.775
BTC Price,10/29/2019,9444.235
BTC Price,10/30/2019,9194.22
BTC Price,10/31/2019,9147.225
BTC Price,11/1/2019,9231.565
BTC Price,11/2/2019,9309.725
BTC Price,11/3/2019,9211.49
BTC Price,11/4/2019,9397.41
BTC Price,11/5/2019,9326.925
BTC Price,11/6/2019,9342.135
BTC Price,11/7/2019,9209.61
BTC Price,11/8/2019,8781.51
BTC Price,11/9/2019,8800.255
BTC Price,11/10/2019,9057.63
BTC Price,11/11/2019,8717.385
BTC Price,11/12/2019,8790.4
BTC Price,11/13/2019,8751.23
BTC Price,11/14/2019,8637.975
BTC Price,11/15/2019,8479.96
BTC Price,11/16/2019,8474.895
BTC Price,11/17/2019,8520.505
BTC Price,11/18/2019,8183.91
BTC Price,11/19/2019,8126.83
BTC Price,11/20/2019,8082.03
BTC Price,11/21/2019,7616.375
BTC Price,11/22/2019,7270.755
BTC Price,11/23/2019,7319.915
BTC Price,11/24/2019,6972.98
BTC Price,11/25/2019,7168.505
BTC Price,11/26/2019,7155.34
BTC Price,11/27/2019,7528.12
BTC Price,11/28/2019,7413.705
BTC Price,11/29/2019,7749.255
BTC Price,11/30/2019,7551.065
BTC Price,12/1/2019,7396.165
BTC Price,12/2/2019,7321.955
BTC Price,12/3/2019,7310.47
BTC Price,12/4/2019,7209.07
BTC Price,12/5/2019,7396.39
BTC Price,12/6/2019,7533.7
BTC Price,12/7/2019,7519.47
BTC Price,12/8/2019,7536.005
BTC Price,12/9/2019,7336.145
BTC Price,12/10/2019,7228.28
BTC Price,12/11/2019,7197.335
BTC Price,12/12/2019,7187.455
BTC Price,12/13/2019,7244.175
BTC Price,12/14/2019,7076.48
BTC Price,12/15/2019,7113.945
BTC Price,12/16/2019,6878.46
BTC Price,12/17/2019,6598.35
BTC Price,12/18/2019,7361.26
BTC Price,12/19/2019,7150.96
BTC Price,12/20/2019,7188.805
BTC Price,12/21/2019,7143.425
BTC Price,12/22/2019,7460.92
BTC Price,12/23/2019,7301.265
BTC Price,12/24/2019,7245.88
BTC Price,12/25/2019,7199.895
BTC Price,12/26/2019,7191.82
BTC Price,12/27/2019,7239.68
BTC Price,12/28/2019,7305.015
BTC Price,12/29/2019,7388.1
BTC Price,12/30/2019,7236.46
BTC Price,12/31/2019,7171.86
BTC Price,1/1/2020,7175.67
BTC Price,1/2/2020,6950.32
BTC Price,1/3/2020,7314.175
BTC Price,1/4/2020,7347.505
BTC Price,1/5/2020,7351.73
BTC Price,1/6/2020,7740.585
BTC Price,1/7/2020,8101.76
BTC Price,1/8/2020,8056.41
BTC Price,1/9/2020,7809.385
BTC Price,1/10/2020,8145.26
BTC Price,1/11/2020,8048.125
BTC Price,1/12/2020,8166.885
BTC Price,1/13/2020,8111.46
BTC Price,1/14/2020,8779.84
BTC Price,1/15/2020,8828.765
BTC Price,1/16/2020,8712.405
BTC Price,1/17/2020,8914.415
BTC Price,1/18/2020,8928.965
BTC Price,1/19/2020,8663.415
BTC Price,1/20/2020,8636.945
BTC Price,1/21/2020,8716.355
BTC Price,1/22/2020,8647.275
BTC Price,1/23/2020,8390.11
BTC Price,1/24/2020,8437.115
BTC Price,1/25/2020,8331.695
BTC Price,1/26/2020,8577.5
BTC Price,1/27/2020,8892.99
BTC Price,1/28/2020,9263.765
BTC Price,1/29/2020,9306.67
BTC Price,1/30/2020,9533.435
BTC Price,1/31/2020,9362.32
BTC Price,2/1/2020,9374.425
BTC Price,2/2/2020,9351.825
BTC Price,2/3/2020,9272.12
BTC Price,2/4/2020,9169.07
BTC Price,2/5/2020,9620.445
BTC Price,2/6/2020,9718.47
BTC Price,2/7/2020,9803.025
BTC Price,2/8/2020,9916.375
BTC Price,2/9/2020,10144.17
BTC Price,2/10/2020,9844.075
BTC Price,2/11/2020,10252.18
BTC Price,2/12/2020,10355.515
BTC Price,2/13/2020,10225.6
BTC Price,2/14/2020,10371.32
BTC Price,2/15/2020,9921.115
BTC Price,2/16/2020,9900.385
BTC Price,2/17/2020,9666.005
BTC Price,2/18/2020,10189.475
BTC Price,2/19/2020,9650.835
BTC Price,2/20/2020,9617.05
BTC Price,2/21/2020,9686.32
BTC Price,2/22/2020,9675.04
BTC Price,2/23/2020,9951.24
BTC Price,2/24/2020,9650
BTC Price,2/25/2020,9347.105
BTC Price,2/26/2020,8779.335
BTC Price,2/27/2020,8801.18
BTC Price,2/28/2020,8752.735
BTC Price,2/29/2020,8580.935
BTC Price,3/1/2020,8535.57
BTC Price,3/2/2020,8917.65
BTC Price,3/3/2020,8769.08
BTC Price,3/4/2020,8754.83
BTC Price,3/5/2020,9072.01
BTC Price,3/6/2020,9143.35
BTC Price,3/7/2020,8911.35
BTC Price,3/8/2020,8102.425
BTC Price,3/9/2020,7906.065
BTC Price,3/10/2020,7927.33
BTC Price,3/11/2020,7948.375
BTC Price,3/12/2020,5329.025
BTC Price,3/13/2020,5654.585
BTC Price,3/14/2020,5217.36
BTC Price,3/15/2020,5346.215
BTC Price,3/16/2020,4987.66
BTC Price,3/17/2020,5393.165
BTC Price,3/18/2020,5387.44
BTC Price,3/19/2020,6243.13
BTC Price,3/20/2020,6185.605
BTC Price,3/21/2020,6181.505
BTC Price,3/22/2020,5849.255
BTC Price,3/23/2020,6479.885
BTC Price,3/24/2020,6775.065
BTC Price,3/25/2020,6696.015
BTC Price,3/26/2020,6738.445
BTC Price,3/27/2020,6521.71
BTC Price,3/28/2020,6238.135
BTC Price,3/29/2020,5896.555
BTC Price,3/30/2020,6440.105
BTC Price,3/31/2020,6433.895
BTC Price,4/1/2020,6603.03
BTC Price,4/2/2020,6828.1
BTC Price,4/3/2020,6760.03
BTC Price,4/4/2020,6867.07
BTC Price,4/5/2020,6793.24
BTC Price,4/6/2020,7309.56
BTC Price,4/7/2020,7185.015
BTC Price,4/8/2020,7368.425
BTC Price,4/9/2020,7307.155
BTC Price,4/10/2020,6870.955
BTC Price,4/11/2020,6879.185
BTC Price,4/12/2020,6976.065
BTC Price,4/13/2020,6874.365
BTC Price,4/14/2020,6880.645
BTC Price,4/15/2020,6669.57
BTC Price,4/16/2020,7144.705
BTC Price,4/17/2020,7049.7
BTC Price,4/18/2020,7268.61
BTC Price,4/19/2020,7159.59
BTC Price,4/20/2020,6863.665
BTC Price,4/21/2020,6878.84
BTC Price,4/22/2020,7128.765
BTC Price,4/23/2020,7530.05
BTC Price,4/24/2020,7503.17
BTC Price,4/25/2020,7545.8
BTC Price,4/26/2020,7665.175
BTC Price,4/27/2020,7783.135
BTC Price,4/28/2020,7758.04
BTC Price,4/29/2020,8780.475
BTC Price,4/30/2020,8696.035
BTC Price,5/1/2020,8839.235
BTC Price,5/2/2020,8966.445
BTC Price,5/3/2020,8909.95
BTC Price,5/4/2020,8883.915
BTC Price,5/5/2020,9003.265
BTC Price,5/6/2020,9265.08
BTC Price,5/7/2020,9957.11
BTC Price,5/8/2020,9852.155
BTC Price,5/9/2020,9568.6
BTC Price,5/10/2020,8758.165
BTC Price,5/11/2020,8588.31
BTC Price,5/12/2020,8821.025
BTC Price,5/13/2020,9324.61
BTC Price,5/14/2020,9776.705
BTC Price,5/15/2020,9336.05
BTC Price,5/16/2020,9401.575
BTC Price,5/17/2020,9682.77
BTC Price,5/18/2020,9722.015
BTC Price,5/19/2020,9771.385
BTC Price,5/20/2020,9514.18
BTC Price,5/21/2020,9088.12
BTC Price,5/22/2020,9184.64
BTC Price,5/23/2020,9207.62
BTC Price,5/24/2020,8877.705
BTC Price,5/25/2020,8901.525
BTC Price,5/26/2020,8838.45
BTC Price,5/27/2020,9152.895
BTC Price,5/28/2020,9533.595
BTC Price,5/29/2020,9425.495
BTC Price,5/30/2020,9715.855
BTC Price,5/31/2020,9449.86
BTC Price,6/1/2020,9979.97
BTC Price,6/2/2020,9510.62
BTC Price,6/3/2020,9639.65
BTC Price,6/4/2020,9805.26
BTC Price,6/5/2020,9644.19
BTC Price,6/6/2020,9657.67
BTC Price,6/7/2020,9755.815
BTC Price,6/8/2020,9739.5
BTC Price,6/9/2020,9779.27
BTC Price,6/10/2020,9896.52
BTC Price,6/11/2020,9292.925
BTC Price,6/12/2020,9470.075
BTC Price,6/13/2020,9456.21
BTC Price,6/14/2020,9353.89
BTC Price,6/15/2020,9429.085
BTC Price,6/16/2020,9525.85
BTC Price,6/17/2020,9445.42
BTC Price,6/18/2020,9373.915
BTC Price,6/19/2020,9295.205
BTC Price,6/20/2020,9363.065
BTC Price,6/21/2020,9290.595
BTC Price,6/22/2020,9685.645
BTC Price,6/23/2020,9617.385
BTC Price,6/24/2020,9288.52
BTC Price,6/25/2020,9249.01
BTC Price,6/26/2020,9161.245
BTC Price,6/27/2020,8984.105
BTC Price,6/28/2020,9106.16
BTC Price,6/29/2020,9184.195
BTC Price,6/30/2020,9132.74
BTC Price,7/1/2020,9242.485
BTC Price,7/2/2020,9098.12
BTC Price,7/3/2020,9074.555
BTC Price,7/4/2020,9135.045
BTC Price,7/5/2020,9076.295
BTC Price,7/6/2020,9317.035
BTC Price,7/7/2020,9250.67
BTC Price,7/8/2020,9444.135
BTC Price,7/9/2020,9241.575
BTC Price,7/10/2020,9260.86
BTC Price,7/11/2020,9226.28
BTC Price,7/12/2020,9300.16
BTC Price,7/13/2020,9236.935
BTC Price,7/14/2020,9255.255
BTC Price,7/15/2020,9196.08
BTC Price,7/16/2020,9131.675
BTC Price,7/17/2020,9158.94
BTC Price,7/18/2020,9174.17
BTC Price,7/19/2020,9203.71
BTC Price,7/20/2020,9164.57
BTC Price,7/21/2020,9390.505
BTC Price,7/22/2020,9524.9
BTC Price,7/23/2020,9607.905
BTC Price,7/24/2020,9550.605
BTC Price,7/25/2020,9713.65
BTC Price,7/26/2020,9934.625
BTC Price,7/27/2020,11145.81
BTC Price,7/28/2020,10950.485
BTC Price,7/29/2020,11184.26
BTC Price,7/30/2020,11151.455
BTC Price,7/31/2020,11335.27
BTC Price,8/1/2020,11805.17
BTC Price,8/2/2020,11095.855
BTC Price,8/3/2020,11229.425
BTC Price,8/4/2020,11217.24
BTC Price,8/5/2020,11694.89
BTC Price,8/6/2020,11785.225
BTC Price,8/7/2020,11601.03
BTC Price,8/8/2020,11762.49
BTC Price,8/9/2020,11691.845
BTC Price,8/10/2020,11862.935
BTC Price,8/11/2020,11368.635
BTC Price,8/12/2020,11558.685
BTC Price,8/13/2020,11767.48
BTC Price,8/14/2020,11785.7
BTC Price,8/15/2020,11861.855
BTC Price,8/16/2020,11914.415
BTC Price,8/17/2020,12345.565
BTC Price,8/18/2020,12001.625
BTC Price,8/19/2020,11753.44
BTC Price,8/20/2020,11847.64
BTC Price,8/21/2020,11539.31
BTC Price,8/22/2020,11672.825
BTC Price,8/23/2020,11650.72
BTC Price,8/24/2020,11754.425
BTC Price,8/25/2020,11342.28
BTC Price,8/26/2020,11459.16
BTC Price,8/27/2020,11300.315
BTC Price,8/28/2020,11507.19
BTC Price,8/29/2020,11479.6
BTC Price,8/30/2020,11688.01
BTC Price,8/31/2020,11655.525
BTC Price,9/1/2020,11951.415
BTC Price,9/2/2020,11417.265
BTC Price,9/3/2020,10422.24
BTC Price,9/4/2020,10529.385
BTC Price,9/5/2020,10079.185
BTC Price,9/6/2020,10234.935
BTC Price,9/7/2020,10381.235
BTC Price,9/8/2020,10117.525
BTC Price,9/9/2020,10250.78
BTC Price,9/10/2020,10344.95
BTC Price,9/11/2020,10381.955
BTC Price,9/12/2020,10443.945
BTC Price,9/13/2020,10323.155
BTC Price,9/14/2020,10666.375
BTC Price,9/15/2020,10780.5
BTC Price,9/16/2020,10992.31
BTC Price,9/17/2020,10931.13
BTC Price,9/18/2020,10934.775
BTC Price,9/19/2020,11074.4
BTC Price,9/20/2020,10898.235
BTC Price,9/21/2020,10449.195
BTC Price,9/22/2020,10520.115
BTC Price,9/23/2020,10250.81
BTC Price,9/24/2020,10754.22
BTC Price,9/25/2020,10690.94
BTC Price,9/26/2020,10732.605
BTC Price,9/27/2020,10767.435
BTC Price,9/28/2020,10780.655
BTC Price,9/29/2020,10803.99
BTC Price,9/30/2020,10761.735
BTC Price,10/1/2020,10610.715
BTC Price,10/2/2020,10564.66
BTC Price,10/3/2020,10557.69
BTC Price,10/4/2020,10665.825
BTC Price,10/5/2020,10773.825
BTC Price,10/6/2020,10594.83
BTC Price,10/7/2020,10665.91
BTC Price,10/8/2020,10917.22
BTC Price,10/9/2020,11069.62
BTC Price,10/10/2020,11327.25
BTC Price,10/11/2020,11366.705
BTC Price,10/12/2020,11599.31
BTC Price,10/13/2020,11436.985
BTC Price,10/14/2020,11415.74
BTC Price,10/15/2020,11497.99
BTC Price,10/16/2020,11343.385
BTC Price,10/17/2020,11357.765
BTC Price,10/18/2020,11490.17
BTC Price,10/19/2020,11750.775
BTC Price,10/20/2020,11944.885
BTC Price,10/21/2020,13019.295
BTC Price,10/22/2020,13007.395
BTC Price,10/23/2020,12943.35
BTC Price,10/24/2020,13105.285
BTC Price,10/25/2020,13033.93
BTC Price,10/26/2020,13064.155
BTC Price,10/27/2020,13717.67
BTC Price,10/28/2020,13275.365
BTC Price,10/29/2020,13436.465
BTC Price,10/30/2020,13571.11
BTC Price,10/31/2020,13844.815
BTC Price,11/1/2020,13740.415
BTC Price,11/2/2020,13578.095
BTC Price,11/3/2020,13935.925
BTC Price,11/4/2020,14157.47
BTC Price,11/5/2020,15589.055
BTC Price,11/6/2020,15606.61
BTC Price,11/7/2020,14828.82
BTC Price,11/8/2020,15499.765
BTC Price,11/9/2020,15301.23
BTC Price,11/10/2020,15348.02
BTC Price,11/11/2020,15755.305
BTC Price,11/12/2020,16275.895
BTC Price,11/13/2020,16334
BTC Price,11/14/2020,16066.945
BTC Price,11/15/2020,15953.41
BTC Price,11/16/2020,16723.725
BTC Price,11/17/2020,17648.66
BTC Price,11/18/2020,17807.73
BTC Price,11/19/2020,17851.29
BTC Price,11/20/2020,18657.115
BTC Price,11/21/2020,18684.27
BTC Price,11/22/2020,18540.31
BTC Price,11/23/2020,18410.18
BTC Price,11/24/2020,19156.42
BTC Price,11/25/2020,18741.705
BTC Price,11/26/2020,17181.05
BTC Price,11/27/2020,17065.14
BTC Price,11/28/2020,17758.775
BTC Price,11/29/2020,18178.845
BTC Price,11/30/2020,19606.97
BTC Price,12/1/2020,18847.49
BTC Price,12/2/2020,19176.165
BTC Price,12/3/2020,19469.355
BTC Price,12/4/2020,18664.32
BTC Price,12/5/2020,19093.82
BTC Price,12/6/2020,19258.89
BTC Price,12/7/2020,19151.355
BTC Price,12/8/2020,18328.115
BTC Price,12/9/2020,18552.01
BTC Price,12/10/2020,18290.84
BTC Price,12/11/2020,18088.575
BTC Price,12/12/2020,18853.67
BTC Price,12/13/2020,19137.28
BTC Price,12/14/2020,19282.38
BTC Price,12/15/2020,19459.8
BTC Price,12/16/2020,21384.165
BTC Price,12/17/2020,22905.695
BTC Price,12/18/2020,23092.935
BTC Price,12/19/2020,23896.505
BTC Price,12/20/2020,23501.095
BTC Price,12/21/2020,22954.345
BTC Price,12/22/2020,23773.445
BTC Price,12/23/2020,23256.65
BTC Price,12/24/2020,23713.1
BTC Price,12/25/2020,24638.435
BTC Price,12/26/2020,26433.26
BTC Price,12/27/2020,26376.305
BTC Price,12/28/2020,26948.205
BTC Price,12/29/2020,27197.74
BTC Price,12/30/2020,28811.385
BTC Price,12/31/2020,29074.37
BTC Price,1/1/2021,29383.88
BTC Price,1/2/2021,32206.425
BTC Price,1/3/2021,33122.275
BTC Price,1/4/2021,31693.525
BTC Price,1/5/2021,34165.315
BTC Price,1/6/2021,36477.375
BTC Price,1/7/2021,39609.455
BTC Price,1/8/2021,40694.64
BTC Price,1/9/2021,40355.415
BTC Price,1/10/2021,38310.76
BTC Price,1/11/2021,34933.985
BTC Price,1/12/2021,33894.93
BTC Price,1/13/2021,37309.91
BTC Price,1/14/2021,39035.27
BTC Price,1/15/2021,36675.245
BTC Price,1/16/2021,36078.47
BTC Price,1/17/2021,35993.29
BTC Price,1/18/2021,36555.935
BTC Price,1/19/2021,36289.65
BTC Price,1/20/2021,35240.285
BTC Price,1/21/2021,30873.915
BTC Price,1/22/2021,32921.595
BTC Price,1/23/2021,32098.465
BTC Price,1/24/2021,32218.585
BTC Price,1/25/2021,32358.655
BTC Price,1/26/2021,32644.235
BTC Price,1/27/2021,30493.475
BTC Price,1/28/2021,33524.97
BTC Price,1/29/2021,34389.21
BTC Price,1/30/2021,34457.815
BTC Price,1/31/2021,33077.295
BTC Price,2/1/2021,33548.06
BTC Price,2/2/2021,35556.38
BTC Price,2/3/2021,37499.895
BTC Price,2/4/2021,37136.01
BTC Price,2/5/2021,38071.79
BTC Price,2/6/2021,39653.725
BTC Price,2/7/2021,38857.375
BTC Price,2/8/2021,45601.135
BTC Price,2/9/2021,46710.53
BTC Price,2/10/2021,45048.45
BTC Price,2/11/2021,47882.18
BTC Price,2/12/2021,47681.135
BTC Price,2/13/2021,47183.385
BTC Price,2/14/2021,48887.975
BTC Price,2/15/2021,48121.215
BTC Price,2/16/2021,49138.7
BTC Price,2/17/2021,52158.95
BTC Price,2/18/2021,51733.345
BTC Price,2/19/2021,55734.295
BTC Price,2/20/2021,55710.875
BTC Price,2/21/2021,57448.475
BTC Price,2/22/2021,54127.99
BTC Price,2/23/2021,48761.89
BTC Price,2/24/2021,49290.24
BTC Price,2/25/2021,47627
BTC Price,2/26/2021,45916.8
BTC Price,2/27/2021,46030.505
BTC Price,2/28/2021,45248.945
BTC Price,3/1/2021,49411.095
BTC Price,3/2/2021,48176.03
BTC Price,3/3/2021,50469.445
BTC Price,3/4/2021,48298.89
BTC Price,3/5/2021,48920.995
BTC Price,3/6/2021,48937.66
BTC Price,3/7/2021,50742.435
BTC Price,3/8/2021,52019.985
BTC Price,3/9/2021,54872.405
BTC Price,3/10/2021,56402.68
BTC Price,3/11/2021,57863.64
BTC Price,3/12/2021,57203.07
BTC Price,3/13/2021,61114.035
BTC Price,3/14/2021,59598.97
BTC Price,3/15/2021,55897.215
BTC Price,3/16/2021,56613.56
BTC Price,3/17/2021,58615.23
BTC Price,3/18/2021,57641.39
BTC Price,3/19/2021,58270.76
BTC Price,3/20/2021,58315.175
BTC Price,3/21/2021,57488.045
BTC Price,3/22/2021,54365.035
BTC Price,3/23/2021,54373.085
BTC Price,3/24/2021,52397.505
BTC Price,3/25/2021,51542.5
BTC Price,3/26/2021,54751.88
BTC Price,3/27/2021,56130.12
BTC Price,3/28/2021,55687.415
BTC Price,3/29/2021,57670.56
BTC Price,3/30/2021,58745.5
BTC Price,3/31/2021,58719.085
BTC Price,4/1/2021,58854.93
BTC Price,4/2/2021,58912.21
BTC Price,4/3/2021,57329.67
BTC Price,4/4/2021,58175.855
BTC Price,4/5/2021,59001.81
BTC Price,4/6/2021,57968.53
BTC Price,4/7/2021,56206.5
BTC Price,4/8/2021,57993.27
BTC Price,4/9/2021,58075.73
BTC Price,4/10/2021,59404.295
BTC Price,4/11/2021,60026.165
BTC Price,4/12/2021,59939.39
BTC Price,4/13/2021,63418.59
BTC Price,4/14/2021,62911.715
BTC Price,4/15/2021,63276.775
BTC Price,4/16/2021,61517.63
BTC Price,4/17/2021,60391.935
BTC Price,4/18/2021,56470.3
BTC Price,4/19/2021,55878.295
BTC Price,4/20/2021,56469.645
BTC Price,4/21/2021,53914.41
BTC Price,4/22/2021,51661.38
BTC Price,4/23/2021,50855.86
BTC Price,4/24/2021,50236.44
BTC Price,4/25/2021,48936.23
BTC Price,4/26/2021,53843.665
BTC Price,4/27/2021,55025.06
BTC Price,4/28/2021,54700.51
BTC Price,4/29/2021,53495.725
BTC Price,4/30/2021,57497.23
BTC Price,5/1/2021,57780.41
BTC Price,5/2/2021,56527.815
BTC Price,5/3/2021,57276.41
BTC Price,5/4/2021,53670.97
BTC Price,5/5/2021,57331.775
BTC Price,5/6/2021,56502.165
BTC Price,5/7/2021,57236.885
BTC Price,5/8/2021,58810.585
BTC Price,5/9/2021,58158.375
BTC Price,5/10/2021,56080.795
BTC Price,5/11/2021,56614.195
BTC Price,5/12/2021,51194.27
BTC Price,5/13/2021,49290.055
BTC Price,5/14/2021,49929.68
BTC Price,5/15/2021,47370.905
BTC Price,5/16/2021,45994.955
BTC Price,5/17/2021,43258.495
BTC Price,5/18/2021,42854.1
BTC Price,5/19/2021,37959.055
BTC Price,5/20/2021,41073.52
BTC Price,5/21/2021,37024.69
BTC Price,5/22/2021,37567.485
BTC Price,5/23/2021,34340.265
BTC Price,5/24/2021,38670.58
BTC Price,5/25/2021,38403.62
BTC Price,5/26/2021,39156.05
BTC Price,5/27/2021,38548.985
BTC Price,5/28/2021,35376.875
BTC Price,5/29/2021,34563.905
BTC Price,5/30/2021,35710.555
BTC Price,5/31/2021,37089.415
BTC Price,6/1/2021,36559.485
BTC Price,6/2/2021,37558.695
BTC Price,6/3/2021,39076.155
BTC Price,6/4/2021,36989.155
BTC Price,6/5/2021,35314.2
BTC Price,6/6/2021,35680.68
BTC Price,6/7/2021,33877.075
BTC Price,6/8/2021,33434.695
BTC Price,6/9/2021,37262.965
BTC Price,6/10/2021,36771.525
BTC Price,6/11/2021,37344.225
BTC Price,6/12/2021,35631.68
BTC Price,6/13/2021,38944.86
BTC Price,6/14/2021,40368.01
BTC Price,6/15/2021,40149.89
BTC Price,6/16/2021,38458.41
BTC Price,6/17/2021,38030.455
BTC Price,6/18/2021,35746.485
BTC Price,6/19/2021,35522.15
BTC Price,6/20/2021,35612.77
BTC Price,6/21/2021,31438.485
BTC Price,6/22/2021,32568.75
BTC Price,6/23/2021,33587.125
BTC Price,6/24/2021,34707.29
BTC Price,6/25/2021,31502.865
BTC Price,6/26/2021,32026.64
BTC Price,6/27/2021,34565.62
BTC Price,6/28/2021,34462.245
BTC Price,6/29/2021,35916.785
BTC Price,6/30/2021,34983.99
BTC Price,7/1/2021,33539.54
BTC Price,7/2/2021,33760.605
BTC Price,7/3/2021,34632.15
BTC Price,7/4/2021,35320.54
BTC Price,7/5/2021,33833.775
BTC Price,7/6/2021,34123.425
BTC Price,7/7/2021,34025.295
BTC Price,7/8/2021,32717.18
BTC Price,7/9/2021,33903.345
BTC Price,7/10/2021,33584.165
BTC Price,7/11/2021,34330.3
BTC Price,7/12/2021,33066.09
BTC Price,7/13/2021,32656.95
BTC Price,7/14/2021,32893.465
BTC Price,7/15/2021,31821.14
BTC Price,7/16/2021,31489.21
BTC Price,7/17/2021,31584.465
BTC Price,7/18/2021,31677.375
BTC Price,7/19/2021,30851.405
BTC Price,7/20/2021,29680.565
BTC Price,7/21/2021,32127.015
BTC Price,7/22/2021,32232.685
BTC Price,7/23/2021,33399.945
BTC Price,7/24/2021,34172.855
BTC Price,7/25/2021,35061.535
BTC Price,7/26/2021,37426.46
BTC Price,7/27/2021,39327.29
BTC Price,7/28/2021,39902.79
BTC Price,7/29/2021,39918.295
BTC Price,7/30/2021,41807.32
BTC Price,7/31/2021,41694.02
BTC Price,8/1/2021,40074.225
BTC Price,8/2/2021,39283.8
BTC Price,8/3/2021,38262.015
BTC Price,8/4/2021,39717.205
BTC Price,8/5/2021,40916.535
BTC Price,8/6/2021,42834.78
BTC Price,8/7/2021,44357.03
BTC Price,8/8/2021,44029.505
BTC Price,8/9/2021,46272.735
BTC Price,8/10/2021,45532
BTC Price,8/11/2021,45667.045
BTC Price,8/12/2021,44201.345
BTC Price,8/13/2021,47704.49
BTC Price,8/14/2021,46998.39
BTC Price,8/15/2021,47136.12
BTC Price,8/16/2021,46019.68
BTC Price,8/17/2021,44792.845
BTC Price,8/18/2021,44791.29
BTC Price,8/19/2021,46788.525
BTC Price,8/20/2021,49287.165
BTC Price,8/21/2021,49122.645
BTC Price,8/22/2021,49290.08
BTC Price,8/23/2021,49592.435
BTC Price,8/24/2021,48013.305
BTC Price,8/25/2021,48951.655
BTC Price,8/26/2021,47020.81
BTC Price,8/27/2021,49048.775
BTC Price,8/28/2021,48834.945
BTC Price,8/29/2021,48975.47
BTC Price,8/30/2021,47315.39
BTC Price,8/31/2021,47101.635
BTC Price,9/1/2021,48631.265
BTC Price,9/2/2021,49493.69
BTC Price,9/3/2021,49866.095
BTC Price,9/4/2021,49919.2
BTC Price,9/5/2021,51822.235
BTC Price,9/6/2021,52658.4
BTC Price,9/7/2021,46855.66
BTC Price,9/8/2021,46336.17
BTC Price,9/9/2021,46458.355
BTC Price,9/10/2021,44662.465
BTC Price,9/11/2021,45129.53
BTC Price,9/12/2021,45906.1
BTC Price,9/13/2021,45010.125
BTC Price,9/14/2021,47163.14
BTC Price,9/15/2021,48224.145
BTC Price,9/16/2021,47704.02
BTC Price,9/17/2021,47140.69
BTC Price,9/18/2021,48185.535
BTC Price,9/19/2021,47155.235
BTC Price,9/20/2021,43177.95
BTC Price,9/21/2021,40618.55
BTC Price,9/22/2021,43557.425
BTC Price,9/23/2021,44858.755
BTC Price,9/24/2021,42939.98
BTC Price,9/25/2021,42727.82
BTC Price,9/26/2021,43052.45
BTC Price,9/27/2021,42679.335
BTC Price,9/28/2021,41302.7
BTC Price,9/29/2021,41441.565
BTC Price,9/30/2021,43785.1
BTC Price,10/1/2021,48096.415
BTC Price,10/2/2021,47866.68
BTC Price,10/3/2021,48124.5
BTC Price,10/4/2021,49088.215
BTC Price,10/5/2021,51437.545
BTC Price,10/6/2021,55256.115
BTC Price,10/7/2021,53856.465
BTC Price,10/8/2021,54021.71
BTC Price,10/9/2021,54936.545
BTC Price,10/10/2021,54810.575
BTC Price,10/11/2021,57332.66
BTC Price,10/12/2021,56199.755
BTC Price,10/13/2021,57375.335
BTC Price,10/14/2021,57483.03
BTC Price,10/15/2021,61499.485
BTC Price,10/16/2021,60836.825
BTC Price,10/17/2021,61401.6
BTC Price,10/18/2021,62065.525
BTC Price,10/19/2021,64208.425
BTC Price,10/20/2021,65969.385
BTC Price,10/21/2021,62334.45
BTC Price,10/22/2021,60662.61
BTC Price,10/23/2021,61159.54
BTC Price,10/24/2021,60887.67
BTC Price,10/25/2021,63044.83
BTC Price,10/26/2021,60323.81
BTC Price,10/27/2021,58626.285
BTC Price,10/28/2021,60558.05
BTC Price,10/29/2021,62314.18
BTC Price,10/30/2021,61727.7
BTC Price,10/31/2021,61382.525
BTC Price,11/1/2021,61038.9
BTC Price,11/2/2021,63118.29
BTC Price,11/3/2021,62887.145
BTC Price,11/4/2021,61316.475
BTC Price,11/5/2021,61059.36
BTC Price,11/6/2021,61478.235
BTC Price,11/7/2021,63089.79
BTC Price,11/8/2021,67050.305
BTC Price,11/9/2021,67123.91
BTC Price,11/10/2021,65036.025
BTC Price,11/11/2021,65005.555
BTC Price,11/12/2021,64048.68
BTC Price,11/13/2021,64343.725
BTC Price,11/14/2021,65013.945
BTC Price,11/15/2021,63800.11
BTC Price,11/16/2021,60364.675
BTC Price,11/17/2021,60177.305
BTC Price,11/18/2021,56772.28
BTC Price,11/19/2021,58001.35
BTC Price,11/20/2021,59754.215
BTC Price,11/21/2021,58920.685
BTC Price,11/22/2021,56508.285
BTC Price,11/23/2021,57575.72
BTC Price,11/24/2021,57087.445
BTC Price,11/25/2021,58959.58
BTC Price,11/26/2021,53925.61
BTC Price,11/27/2021,54822.965
BTC Price,11/28/2021,56696.34
BTC Price,11/29/2021,57975.21
BTC Price,11/30/2021,57154.69
BTC Price,12/1/2021,57167.215
BTC Price,12/2/2021,56705.145
BTC Price,12/3/2021,53534.55
BTC Price,12/4/2021,49274.64
BTC Price,12/5/2021,49410.99
BTC Price,12/6/2021,50702.28
BTC Price,12/7/2021,50451.94
BTC Price,12/8/2021,50387.885
BTC Price,12/9/2021,47769.04
BTC Price,12/10/2021,47360.315
BTC Price,12/11/2021,49130.12
BTC Price,12/12/2021,50203.815
BTC Price,12/13/2021,46821.815
BTC Price,12/14/2021,48328.21
BTC Price,12/15/2021,48823.02
BTC Price,12/16/2021,47730.335
BTC Price,12/17/2021,46366.915
BTC Price,12/18/2021,46832.075
BTC Price,12/19/2021,47006.165
BTC Price,12/20/2021,46851.245
BTC Price,12/21/2021,49114.09
BTC Price,12/22/2021,48804.375
BTC Price,12/23/2021,50807.875
BTC Price,12/24/2021,50817.915
BTC Price,12/25/2021,50530.895
BTC Price,12/26/2021,50900.85
BTC Price,12/27/2021,50877.92
BTC Price,12/28/2021,47613.945
BTC Price,12/29/2021,46877.615
BTC Price,12/30/2021,47102.49
BTC Price,12/31/2021,46260.625
BTC Price,1/1/2022,47594.615
BTC Price,1/2/2022,47286.205
BTC Price,1/3/2022,46342.435
BTC Price,1/4/2022,45983.205
BTC Price,1/5/2022,43434.015
BTC Price,1/6/2022,43127.63
BTC Price,1/7/2022,41550.415
BTC Price,1/8/2022,41805.26
BTC Price,1/9/2022,42047.555
BTC Price,1/10/2022,41722.21
BTC Price,1/11/2022,42741.9
BTC Price,1/12/2022,43888.455
BTC Price,1/13/2022,42593.755
BTC Price,1/14/2022,43188.11
BTC Price,1/15/2022,43184.34
BTC Price,1/16/2022,43156.75
BTC Price,1/17/2022,42156.74
BTC Price,1/18/2022,42434.71
BTC Price,1/19/2022,41829.71
BTC Price,1/20/2022,40920.41
BTC Price,1/21/2022,36299.465
BTC Price,1/22/2022,34975.74
BTC Price,1/23/2022,35908.36
BTC Price,1/24/2022,36540.7
BTC Price,1/25/2022,36895.425
BTC Price,1/26/2022,36692.575
BTC Price,1/27/2022,36950.615
BTC Price,1/28/2022,37707.65
BTC Price,1/29/2022,38174.41
BTC Price,1/30/2022,37854.025
BTC Price,1/31/2022,38465.185
BTC Price,2/1/2022,38721.35
BTC Price,2/2/2022,36978.64
BTC Price,2/3/2022,37142.315
BTC Price,2/4/2022,41143.87
BTC Price,2/5/2022,41510.315
BTC Price,2/6/2022,42017.61
BTC Price,2/7/2022,43984.7
BTC Price,2/8/2022,44094.705
BTC Price,2/9/2022,44508.905
BTC Price,2/10/2022,43754.375
BTC Price,2/11/2022,42276.54
BTC Price,2/12/2022,42223.09
BTC Price,2/13/2022,42234.825
BTC Price,2/14/2022,42622.69
BTC Price,2/15/2022,44391.495
BTC Price,2/16/2022,43963.42
BTC Price,2/17/2022,40635.735
BTC Price,2/18/2022,39971.505
BTC Price,2/19/2022,40068.36
BTC Price,2/20/2022,38611.545
BTC Price,2/21/2022,37291.39
BTC Price,2/22/2022,38091.915
BTC Price,2/23/2022,37471.355
BTC Price,2/24/2022,38113.155
BTC Price,2/25/2022,39344.35
BTC Price,2/26/2022,39153.195
BTC Price,2/27/2022,37783.35
BTC Price,2/28/2022,43119.975
BTC Price,3/1/2022,44316.305
BTC Price,3/2/2022,44003.57
BTC Price,3/3/2022,42483.475
BTC Price,3/4/2022,39091.135
BTC Price,3/5/2022,39437.885
BTC Price,3/6/2022,38695.035
BTC Price,3/7/2022,38104.62
BTC Price,3/8/2022,38655.62
BTC Price,3/9/2022,41930.705
BTC Price,3/10/2022,39448.74
BTC Price,3/11/2022,38826.185
BTC Price,3/12/2022,38961.65
BTC Price,3/13/2022,37761.495
BTC Price,3/14/2022,39499.1
BTC Price,3/15/2022,39393.03
BTC Price,3/16/2022,41012.66
BTC Price,3/17/2022,40985.31
BTC Price,3/18/2022,41745.225
BTC Price,3/19/2022,42103.05
BTC Price,3/20/2022,41371.265
BTC Price,3/21/2022,41075.1
BTC Price,3/22/2022,42466.96
BTC Price,3/23/2022,42705.61
BTC Price,3/24/2022,43994.17
BTC Price,3/25/2022,44324.16
BTC Price,3/26/2022,44467.545
BTC Price,3/27/2022,46732.815
BTC Price,3/28/2022,47354.16
BTC Price,3/29/2022,47404.14
BTC Price,3/30/2022,47095.795
BTC Price,3/31/2022,45667.49
BTC Price,4/1/2022,46341.775
BTC Price,4/2/2022,45977.545
BTC Price,4/3/2022,46569.075
BTC Price,4/4/2022,46638.8
BTC Price,4/5/2022,45682.735
BTC Price,4/6/2022,43340.88
BTC Price,4/7/2022,43545.615
BTC Price,4/8/2022,42284.325
BTC Price,4/9/2022,42663.145
BTC Price,4/10/2022,42149.055
BTC Price,4/11/2022,39652.825
BTC Price,4/12/2022,39964.55
BTC Price,4/13/2022,41216.65
BTC Price,4/14/2022,39904.345
BTC Price,4/15/2022,40513.425
BTC Price,4/16/2022,40400.45
BTC Price,4/17/2022,39847.665
BTC Price,4/18/2022,40864.605
BTC Price,4/19/2022,41453.335
BTC Price,4/20/2022,41432.005
BTC Price,4/21/2022,40447.82
BTC Price,4/22/2022,39714.405
BTC Price,4/23/2022,39646.97
BTC Price,4/24/2022,39513.52
BTC Price,4/25/2022,40398.965
BTC Price,4/26/2022,38170
BTC Price,4/27/2022,39170.375
BTC Price,4/28/2022,39765.575
BTC Price,4/29/2022,38601.19
BTC Price,4/30/2022,37949.34
BTC Price,5/1/2022,38391.785
BTC Price,5/2/2022,38544.19
BTC Price,5/3/2022,37717.12
BTC Price,5/4/2022,39666.825
BTC Price,5/5/2022,36380.41
BTC Price,5/6/2022,35996.85
BTC Price,5/7/2022,35249.2
BTC Price,5/8/2022,34146.45
BTC Price,5/9/2022,30579.675
BTC Price,5/10/2022,30888.79
BTC Price,5/11/2022,28862.885
BTC Price,5/12/2022,28841.655
BTC Price,5/13/2022,29492.995
BTC Price,5/14/2022,30115.865
BTC Price,5/15/2022,31169.31
BTC Price,5/16/2022,29910.15
BTC Price,5/17/2022,30366.46
BTC Price,5/18/2022,28802.095
BTC Price,5/19/2022,30209.085
BTC Price,5/20/2022,29130.675
BTC Price,5/21/2022,29391.44
BTC Price,5/22/2022,30253.445
BTC Price,5/23/2022,29131.89
BTC Price,5/24/2022,29603.065
BTC Price,5/25/2022,29626.75
BTC Price,5/26/2022,29318.025
BTC Price,5/27/2022,28692.985
BTC Price,5/28/2022,28989.43
BTC Price,5/29/2022,29424.605
BTC Price,5/30/2022,31734.69
BTC Price,5/31/2022,31818.3
BTC Price,6/1/2022,29761.185
BTC Price,6/2/2022,30450.025
BTC Price,6/3/2022,29687.06
BTC Price,6/4/2022,29805.11
BTC Price,6/5/2022,29947.255
BTC Price,6/6/2022,31358.535
BTC Price,6/7/2022,31173.1
BTC Price,6/8/2022,30229.65
BTC Price,6/9/2022,30062.995
BTC Price,6/10/2022,29104.67
BTC Price,6/11/2022,28495.74
BTC Price,6/12/2022,26759.745
BTC Price,6/13/2022,22510.345
BTC Price,6/14/2022,21846.9
BTC Price,6/15/2022,22506.89
BTC Price,6/16/2022,20353.3
BTC Price,6/17/2022,20437.215
BTC Price,6/18/2022,19051.04
BTC Price,6/19/2022,20613.79
BTC Price,6/20/2022,20509.115
BTC Price,6/21/2022,20790.315
BTC Price,6/22/2022,20028.365
BTC Price,6/23/2022,21038.755
BTC Price,6/24/2022,21259.69
BTC Price,6/25/2022,21450.55
BTC Price,6/26/2022,21081.725
BTC Price,6/27/2022,20760.95
BTC Price,6/28/2022,20268.755
BTC Price,6/29/2022,20143.18
BTC Price,6/30/2022,19428.04
BTC Price,7/1/2022,19261.615
BTC Price,7/2/2022,19264.31
BTC Price,7/3/2022,19282.795
BTC Price,7/4/2022,20176.74
BTC Price,7/5/2022,20282.565
BTC Price,7/6/2022,20519.31
BTC Price,7/7/2022,21615.65
BTC Price,7/8/2022,21673.1
BTC Price,7/9/2022,21601.89
BTC Price,7/10/2022,20839.595
BTC Price,7/11/2022,19960.91
BTC Price,7/12/2022,19331.175
BTC Price,7/13/2022,20025.605
BTC Price,7/14/2022,20532.935
BTC Price,7/15/2022,20857.84
BTC Price,7/16/2022,21239.01
BTC Price,7/17/2022,20896.63
BTC Price,7/18/2022,22109.295
BTC Price,7/19/2022,23450.325
BTC Price,7/20/2022,23267.575
BTC Price,7/21/2022,23088.68
BTC Price,7/22/2022,22709.525
BTC Price,7/23/2022,22463.41
BTC Price,7/24/2022,22623.65
BTC Price,7/25/2022,21487.585
BTC Price,7/26/2022,21190.33
BTC Price,7/27/2022,22922.805
BTC Price,7/28/2022,23911.175
BTC Price,7/29/2022,23869.145
BTC Price,7/30/2022,23678.925
BTC Price,7/31/2022,23349.5
BTC Price,8/1/2022,23227.075
BTC Price,8/2/2022,23049.035
BTC Price,8/3/2022,22882.335
BTC Price,8/4/2022,22624.865
BTC Price,8/5/2022,23285.625
BTC Price,8/6/2022,23070.87
BTC Price,8/7/2022,23213.985
BTC Price,8/8/2022,23816.2
BTC Price,8/9/2022,23167.06
BTC Price,8/10/2022,23907.76
BTC Price,8/11/2022,23924.005
BTC Price,8/12/2022,24333.59
BTC Price,8/13/2022,24426.855
BTC Price,8/14/2022,24292.01
BTC Price,8/15/2022,24059.39
BTC Price,8/16/2022,23854.53
BTC Price,8/17/2022,23345.745
BTC Price,8/18/2022,23267.695
BTC Price,8/19/2022,20903.865
BTC Price,8/20/2022,21138.92
BTC Price,8/21/2022,21544.16
BTC Price,8/22/2022,21285.515
BTC Price,8/23/2022,21503.42
BTC Price,8/24/2022,21429.44
BTC Price,8/25/2022,21569.135
BTC Price,8/26/2022,20428.615
BTC Price,8/27/2022,20030.755
BTC Price,8/28/2022,19727.035
BTC Price,8/29/2022,20247.05
BTC Price,8/30/2022,19861.28
BTC Price,8/31/2022,20100.89
BTC Price,9/1/2022,20106.095
BTC Price,9/2/2022,19972.74
BTC Price,9/3/2022,19816.08
BTC Price,9/4/2022,19920.36
BTC Price,9/5/2022,19799.865
BTC Price,9/6/2022,18851.945
BTC Price,9/7/2022,19316.18
BTC Price,9/8/2022,19315.33
BTC Price,9/9/2022,21360.045
BTC Price,9/10/2022,21710.875
BTC Price,9/11/2022,21737.07
BTC Price,9/12/2022,22365.66
BTC Price,9/13/2022,20200.085
BTC Price,9/14/2022,20265.005
BTC Price,9/15/2022,19716.92
BTC Price,9/16/2022,19764.44
BTC Price,9/17/2022,20120.625
BTC Price,9/18/2022,19434.28
BTC Price,9/19/2022,19572.145
BTC Price,9/20/2022,18919.015
BTC Price,9/21/2022,18477.07
BTC Price,9/22/2022,19398.625
BTC Price,9/23/2022,19309.38
BTC Price,9/24/2022,18905.29
BTC Price,9/25/2022,18798.725
BTC Price,9/26/2022,19183.155
BTC Price,9/27/2022,19077.945
BTC Price,9/28/2022,19448.22
BTC Price,9/29/2022,19527.41
BTC Price,9/30/2022,19406.545
BTC Price,10/1/2022,19322.74
BTC Price,10/2/2022,19115.045
BTC Price,10/3/2022,19578.92
BTC Price,10/4/2022,20325.86
BTC Price,10/5/2022,20177.05
BTC Price,10/6/2022,19935.015
BTC Price,10/7/2022,19542.485
BTC Price,10/8/2022,19392.255
BTC Price,10/9/2022,19421.97
BTC Price,10/10/2022,19132.415
BTC Price,10/11/2022,19048.06
BTC Price,10/12/2022,19155.975
BTC Price,10/13/2022,19407.555
BTC Price,10/14/2022,19170.055
BTC Price,10/15/2022,19066.7
BTC Price,10/16/2022,19282.81
BTC Price,10/17/2022,19533.2
BTC Price,10/18/2022,19325.22
BTC Price,10/19/2022,19133.05
BTC Price,10/20/2022,19038.605
BTC Price,10/21/2022,19179.33
BTC Price,10/22/2022,19202.92
BTC Price,10/23/2022,19582.9
BTC Price,10/24/2022,19346.66
BTC Price,10/25/2022,20077.57
BTC Price,10/26/2022,20799.93
BTC Price,10/27/2022,20284.03
BTC Price,10/28/2022,20616.845
BTC Price,10/29/2022,20793.84
BTC Price,10/30/2022,20611.665
BTC Price,10/31/2022,20484.755
BTC Price,11/1/2022,20477.695
BTC Price,11/2/2022,20129.495
BTC Price,11/3/2022,20201.235
BTC Price,11/4/2022,21161
BTC Price,11/5/2022,21299.18
BTC Price,11/6/2022,21024.135
BTC Price,11/7/2022,20528.405
BTC Price,11/8/2022,18506.535
BTC Price,11/9/2022,15870.795
BTC Price,11/10/2022,17667.65
BTC Price,11/11/2022,16940.695
BTC Price,11/12/2022,16794.975
BTC Price,11/13/2022,16356.67
BTC Price,11/14/2022,16486.87
BTC Price,11/15/2022,16867.345
BTC Price,11/16/2022,16648.815
BTC Price,11/17/2022,16690.42
BTC Price,11/18/2022,16663.025
BTC Price,11/19/2022,16701.54
BTC Price,11/20/2022,16259.585
BTC Price,11/21/2022,15741.37
BTC Price,11/22/2022,16178.15
BTC Price,11/23/2022,16539.445
BTC Price,11/24/2022,16592.63
BTC Price,11/25/2022,16515.28
BTC Price,11/26/2022,16434.07
BTC Price,11/27/2022,16491.18
BTC Price,11/28/2022,16210.235
BTC Price,11/29/2022,16463.565
BTC Price,11/30/2022,17158.22
BTC Price,12/1/2022,16973.94
BTC Price,12/2/2022,17068.795
BTC Price,12/3/2022,16895.435
BTC Price,12/4/2022,17107.46
BTC Price,12/5/2022,16955.53
BTC Price,12/6/2022,17031.91
BTC Price,12/7/2022,16840.925
BTC Price,12/8/2022,17215.06
BTC Price,12/9/2022,17132.285
BTC Price,12/10/2022,17132.495
BTC Price,12/11/2022,17094.51
BTC Price,12/12/2022,17185.735
BTC Price,12/13/2022,17771.68
BTC Price,12/14/2022,17821.085
BTC Price,12/15/2022,17350.665
BTC Price,12/16/2022,16677.27
BTC Price,12/17/2022,16762.49
BTC Price,12/18/2022,16753.09
BTC Price,12/19/2022,16428.455
BTC Price,12/20/2022,16883.905
BTC Price,12/21/2022,16795.415
BTC Price,12/22/2022,16805.18
BTC Price,12/23/2022,16780.14
BTC Price,12/24/2022,16831.245
BTC Price,12/25/2022,16822.865
BTC Price,12/26/2022,16876.855
BTC Price,12/27/2022,16688.955
BTC Price,12/28/2022,16525.735
BTC Price,12/29/2022,16619.605
BTC Price,12/30/2022,16586.2
BTC Price,12/31/2022,16520.525
BTC Price,1/1/2023,16604.27
BTC Price,1/2/2023,16680.24
BTC Price,1/3/2023,16669.8
BTC Price,1/4/2023,16832.985
BTC Price,1/5/2023,16829.065
BTC Price,1/6/2023,16952.265
BTC Price,1/7/2023,16938.005
BTC Price,1/8/2023,17043.75
BTC Price,1/9/2023,17191.07
BTC Price,1/10/2023,17437.995
BTC Price,1/11/2023,17750.81
BTC Price,1/12/2023,18881.475
BTC Price,1/13/2023,19894.875
BTC Price,1/14/2023,20973.755
BTC Price,1/15/2023,20898.63
BTC Price,1/16/2023,21187.92
BTC Price,1/17/2023,21185.25
BTC Price,1/18/2023,20737.88
BTC Price,1/19/2023,21075.955
BTC Price,1/20/2023,22632.265
BTC Price,1/21/2023,22775.63
BTC Price,1/22/2023,22699.17
BTC Price,1/23/2023,22923.7
BTC Price,1/24/2023,22696.025
BTC Price,1/25/2023,23002.145
BTC Price,1/26/2023,23007.825
BTC Price,1/27/2023,23051.05
BTC Price,1/28/2023,23006.245
BTC Price,1/29/2023,23757.305
BTC Price,1/30/2023,22784.72
BTC Price,1/31/2023,23156.345
BTC Price,2/1/2023,23726.275
BTC Price,2/2/2023,23527.665
BTC Price,2/3/2023,23429.665
BTC Price,2/4/2023,23367.165
BTC Price,2/5/2023,22962.67
BTC Price,2/6/2023,22822.39
BTC Price,2/7/2023,23237.315
BTC Price,2/8/2023,22946.955
BTC Price,2/9/2023,21784.425
BTC Price,2/10/2023,21600.71
BTC Price,2/11/2023,21846.185
BTC Price,2/12/2023,21794.84
BTC Price,2/13/2023,21719.62
BTC Price,2/14/2023,22200.27
BTC Price,2/15/2023,24242.515
BTC Price,2/16/2023,23757.2
BTC Price,2/17/2023,24629.165
BTC Price,2/18/2023,24634.35
BTC Price,2/19/2023,24387.94
BTC Price,2/20/2023,24774.835
BTC Price,2/21/2023,24421.55
BTC Price,2/22/2023,24145.485
BTC Price,2/23/2023,23907.35
BTC Price,2/24/2023,23151.38
BTC Price,2/25/2023,23140.6
BTC Price,2/26/2023,23517.09
BTC Price,2/27/2023,23485.105
BTC Price,2/28/2023,23154.96
BTC Price,3/1/2023,23584.195
BTC Price,3/2/2023,23465.4
BTC Price,3/3/2023,22340.725
BTC Price,3/4/2023,22329.515
BTC Price,3/5/2023,22433.51
BTC Price,3/6/2023,22422.145
BTC Price,3/7/2023,22152.11
BTC Price,3/8/2023,21749.96
BTC Price,3/9/2023,20357.605
BTC Price,3/10/2023,20196.305
BTC Price,3/11/2023,20555.645
BTC Price,3/12/2023,22046.37
BTC Price,3/13/2023,24258.15
BTC Price,3/14/2023,24777.49
BTC Price,3/15/2023,24420.295
BTC Price,3/16/2023,25047.695
BTC Price,3/17/2023,27526.62
BTC Price,3/18/2023,26986.25
BTC Price,3/19/2023,28125.035
BTC Price,3/20/2023,27937.56
BTC Price,3/21/2023,28164.05
BTC Price,3/22/2023,27304.92
BTC Price,3/23/2023,28312.31
BTC Price,3/24/2023,27407.455
BTC Price,3/25/2023,27480.76
BTC Price,3/26/2023,28032.17
BTC Price,3/27/2023,27128.69
BTC Price,3/28/2023,27251.225
BTC Price,3/29/2023,28378.335
BTC Price,3/30/2023,27971.76
BTC Price,3/31/2023,28526.715
BTC Price,4/1/2023,28504.08
BTC Price,4/2/2023,28155.505
BTC Price,4/3/2023,27810.945
BTC Price,4/4/2023,28190.095
BTC Price,4/5/2023,28177.685
BTC Price,4/6/2023,28038.75
BTC Price,4/7/2023,27954.585
BTC Price,4/8/2023,27959.535
BTC Price,4/9/2023,28365.17
BTC Price,4/10/2023,29637.78
BTC Price,4/11/2023,30260.21
BTC Price,4/12/2023,29890.215
BTC Price,4/13/2023,30371.445
BTC Price,4/14/2023,30477.76
BTC Price,4/15/2023,30351.865
BTC Price,4/16/2023,30340.585
BTC Price,4/17/2023,29485.75
BTC Price,4/18/2023,30386.29
BTC Price,4/19/2023,28949.755
BTC Price,4/20/2023,28251.275
BTC Price,4/21/2023,27258.845
BTC Price,4/22/2023,27836.825
BTC Price,4/23/2023,27593.49
BTC Price,4/24/2023,27489.01
BTC Price,4/25/2023,28272.665
BTC Price,4/26/2023,28368.67
BTC Price,4/27/2023,29443.045
BTC Price,4/28/2023,29353.685
BTC Price,4/29/2023,29233.785
BTC Price,4/30/2023,29318.63
BTC Price,5/1/2023,28053.175
BTC Price,5/2/2023,28719.54